addax_nasomaculatus
aepyceros_melampus
alcelaphus_buselaphus
alcelaphus_lichtensteini
alces_alces
alces_alces_alces
alces_alces_cameloides
alces_alces_gigas
alces_alces_pfitzmayeri
alces_alces_shirasi
ammotragus_lervia
antidorcas_marsupialis
antilocapra_americana
antilocapra_americana_sonoriensis
antilope_cervicapra
axis_axis
axis_porcinus
axis_porcinus_porcinus
babyrousa_babyrussa
babyrousa_celebensis
balaena_mysticetus
balaenoptera_acutorostrata
balaenoptera_bonaerensis
balaenoptera_borealis
balaenoptera_brydei
balaenoptera_edeni
balaenoptera_musculus
balaenoptera_omurai
balaenoptera_physalus
beatragus_hunteri
berardius_bairdii
bison_bison
bison_bonasus
blastocerus_dichotomus
bos_frontalis
bos_gaurus
bos_grunniens
bos_indicus
bos_javanicus
bos_javanicus_birmanicus
bos_javanicus_lowi
bos_mutus
bos_primigenius
bos_sauveli
bos_taurus
boselaphus_tragocamelus
bubalus_bubalis
bubalus_bubalis_bubalis
bubalus_carabanensis
bubalus_depressicornis
bubalus_mindorensis
bubalus_quarlesi
budorcas_taxicolor
budorcas_taxicolor_tibetana
camelops_cf_hesternus_pdh_2015
camelus_bactrianus
camelus_dromedarius
camelus_ferus
caperea_marginata
capra_aegagrus
capra_aegagrus_blythi
capra_aegagrus_cretica
capra_caucasica
capra_cylindricornis
capra_falconeri
capra_hircus
capra_ibex
capra_ibex_ibex
capra_nubiana
capra_pyrenaica
capra_pyrenaica_hispanica
capra_sibirica
capreolus_capreolus
capreolus_pygargus
capreolus_pygargus_tianschanicus
capricornis_crispus
capricornis_milneedwardsii
capricornis_milneedwardsii_maritimus
capricornis_sumatraensis
capricornis_swinhoei
capricornis_thar_jamrachi
catagonus_wagneri
cephalophus_adersi
cephalophus_callipygus
cephalophus_dorsalis
cephalophus_harveyi
cephalophus_jentinki
cephalophus_leucogaster
cephalophus_natalensis
cephalophus_niger
cephalophus_nigrifrons
cephalophus_ogilbyi
cephalophus_rubidus
cephalophus_rufilatus
cephalophus_silvicultor
cephalophus_spadix
cephalophus_weynsi
cephalophus_zebra
cephalorhynchus_commersonii
cephalorhynchus_eutropia
cephalorhynchus_heavisidii
cephalorhynchus_hectori
cephalorhynchus_hectori_hectori
cephalorhynchus_hectori_maui
cervus_canadensis_canadensis
cervus_canadensis_nelsoni
cervus_canadensis_roosevelti
cervus_canadensis_sibiricus
cervus_canadensis_songaricus
cervus_elaphus
cervus_elaphus_atlanticus
cervus_elaphus_bactrianus
cervus_elaphus_barbarus
cervus_elaphus_corsicanus
cervus_elaphus_elaphus
cervus_elaphus_hanglu
cervus_elaphus_hippelaphus
cervus_elaphus_hispanicus
cervus_elaphus_italicus
cervus_elaphus_kansuensis
cervus_elaphus_macneilli
cervus_elaphus_maral
cervus_elaphus_wallichi
cervus_elaphus_xanthopygus
cervus_elaphus_yarkandensis
cervus_nippon
cervus_nippon_centralis
cervus_nippon_hortulorum
cervus_nippon_kopschi
cervus_nippon_mantchuricus
cervus_nippon_sichuanicus
cervus_nippon_taiouanus
cervus_nippon_yakushimae
cervus_nippon_yesoensis
connochaetes_gnou
connochaetes_taurinus connochaetes_taurinus connochaetes_taurinus_taurinus
dama_dama
dama_mesopotamica
damaliscus_lunatus
damaliscus_pygargus damaliscus_pygargus damaliscus_pygargus_phillipsi
delphinapterus_leucas
delphinidae_gen_sp_
delphinus_capensis
delphinus_delphis
delphinus_tropicalis
dorcatragus_megalotis
elaphodus_cephalophus
elaphurus_davidianus
eschrichtius_robustus
eubalaena_australis
eubalaena_glacialis
eubalaena_japonica
eudorcas_rufifrons
eudorcas_thomsonii
feresa_attenuata
gazella_arabica
gazella_bennettii
gazella_cuvieri
gazella_dorcas
gazella_dorcas_pelzelnii
gazella_erlangeri
gazella_gazella
gazella_gazella_gazella
gazella_leptoceros
gazella_saudiya
gazella_spekei
gazella_subgutturosa
gazella_subgutturosa_marica
giraffa_camelopardalis
giraffa_camelopardalis_angolensis
giraffa_camelopardalis_antiquorum
giraffa_camelopardalis_giraffa
giraffa_camelopardalis_peralta
giraffa_camelopardalis_reticulata
giraffa_camelopardalis_rothschildi
giraffa_camelopardalis_thornicrofti
giraffa_camelopardalis_tippelskirchi
globicephala_macrorhynchus
globicephala_melas
grampus_griseus
hemitragus_hylocrius
hemitragus_jayakari
hemitragus_jemlahicus
hexaprotodon_liberiensis
hippocamelus_antisensis
hippocamelus_bisulcus
hippopotamus_amphibius
hippotragus_equinus
hippotragus_niger
hippotragus_niger_variani
hydropotes_inermis
hydropotes_inermis_argyropus
hyemoschus_aquaticus
hylochoerus_meinertzhageni
hyperoodon_ampullatus
indopacetus_pacificus
inia_araguaiaensis
inia_boliviensis
inia_geoffrensis
inia_geoffrensis_geoffrensis
kobus_ellipsiprymnus
kobus_ellipsiprymnus_defassa
kobus_ellipsiprymnus_ellipsiprymnus
kobus_kob
kobus_leche
kobus_leche_kafuensis
kobus_leche_leche
kobus_leche_smithemani
kobus_megaceros
kobus_vardonii
kogia_breviceps
kogia_sima
lagenodelphis_hosei
lagenorhynchus_acutus
lagenorhynchus_albirostris
lagenorhynchus_australis
lagenorhynchus_cruciger
lagenorhynchus_obliquidens
lagenorhynchus_obscurus
lama_glama
lama_glama_argentina
lama_glama_chaku
lama_guanicoe
lama_guanicoe_cacsilensis
lama_guanicoe_guanicoe
lama_guanicoe_huanacus
lipotes_vexillifer
lissodelphis_borealis
lissodelphis_peronii
litocranius_walleri
madoqua_guentheri
madoqua_kirkii
madoqua_saltiana
mazama_americana
mazama_gouazoupira
mazama_nemorivaga
mazama_pandora
mazama_rufina
mazama_temama
megaptera_novaeangliae
mesoplodon_bidens
mesoplodon_densirostris
mesoplodon_europaeus
mesoplodon_ginkgodens
mesoplodon_grayi
mesoplodon_peruvianus
mesoplodon_stejnegeri
monodon_monoceros
moschiola_meminna
moschus_anhuiensis
moschus_berezovskii
moschus_berezovskii_bijiangensis
moschus_berezovskii_caobangis
moschus_chrysogaster
moschus_fuscus
moschus_leucogaster
moschus_moschiferus
muntiacus_crinifrons
muntiacus_feae
muntiacus_gongshanensis
muntiacus_muntjak
muntiacus_muntjak_annamensis
muntiacus_muntjak_menglasis
muntiacus_muntjak_nigripes
muntiacus_muntjak_vaginalis
muntiacus_muntjak_yunnanensis
muntiacus_putaoensis
muntiacus_reevesi
muntiacus_reevesi_micrurus
muntiacus_rooseveltorum
muntiacus_truongsonensis
muntiacus_vuquangensis
naemorhedus_baileyi
naemorhedus_caudatus
naemorhedus_caudatus_raddeanus
naemorhedus_goral
naemorhedus_griseus
nanger_dama
nanger_dama_mhorr
nanger_dama_ruficollis
nanger_granti
nanger_soemmerringii
neophocaena_asiaeorientalis
neophocaena_asiaeorientalis_asiaeorientalis
neophocaena_phocaenoides
neophocaena_phocaenoides_sunameri
neotragus_batesi
neotragus_moschatus
neotragus_moschatus_livingstonianus
neotragus_moschatus_zuluensis
neotragus_pygmaeus
odocoileus_hemionus
odocoileus_hemionus_californicus
odocoileus_hemionus_columbianus
odocoileus_hemionus_crooki
odocoileus_hemionus_eremicus
odocoileus_hemionus_fuliginatus
odocoileus_hemionus_hemionus
odocoileus_hemionus_inyoensis
odocoileus_hemionus_peninsulae
odocoileus_hemionus_sheldoni
odocoileus_hemionus_sitkensis
odocoileus_virginianus
okapia_johnstoni
orcaella_brevirostris
orcaella_heinsohni
orcinus_orca
oreamnos_americanus
oreotragus_oreotragus
oryx_beisa
oryx_dammah
oryx_gazella
oryx_leucoryx
ourebia_ourebi
ovibos_moschatus
ovis_ammon
ovis_ammon_ammon
ovis_ammon_collium
ovis_ammon_darwini
ovis_ammon_hodgsoni
ovis_ammon_severtzovi
ovis_aries
ovis_aries_musimon
ovis_canadensis
ovis_canadensis_canadensis
ovis_canadensis_mexicana
ovis_canadensis_nelsoni
ovis_dalli
ovis_dalli_dalli
ovis_nivicola
ovis_orientalis
ovis_orientalis_anatolica
ovis_orientalis_gmelini
ovis_orientalis_isphahanica
ovis_orientalis_laristanica
ovis_orientalis_ophion
ovis_vignei
ovis_vignei_arkal
ovis_vignei_blanfordi
ovis_vignei_bochariensis
ovis_vignei_cycloceros
ovis_vignei_kermanensis
ovis_vignei_punjabiensis
ovis_vignei_vignei
ozotoceros_bezoarticus
pantholops_hodgsonii
pecari_tajacu
pelea_capreolus
peponocephala_electra
phacochoerus_aethiopicus
phacochoerus_africanus
philantomba_maxwellii
philantomba_monticola
phocoena_dioptrica
phocoena_phocoena
phocoena_sinus
phocoenoides_dalli
physeter_catodon
platanista_gangetica
platanista_minor
pontoporia_blainvillei
potamochoerus_larvatus
potamochoerus_porcus
procapra_gutturosa
procapra_picticaudata
procapra_przewalskii
przewalskium_albirostris
pseudois_nayaur
pseudois_nayaur_nayaur
pseudois_nayaur_szechuanensis
pseudois_schaeferi
pseudonovibos_spiralis
pseudorca_crassidens
pseudoryx_nghetinhensis
pudu_mephistophiles
pudu_puda
rangifer_tarandus
rangifer_tarandus_caribou
rangifer_tarandus_granti
rangifer_tarandus_groenlandicus
rangifer_tarandus_tarandus
raphicerus_campestris
raphicerus_melanotis
raphicerus_sharpei
redunca_arundinum
redunca_fulvorufula
redunca_redunca
rucervus_duvaucelii
rucervus_eldii
rucervus_eldii_eldii
rucervus_eldii_thamin
rucervus_schomburgki
rupicapra_pyrenaica
rupicapra_pyrenaica_ornata
rupicapra_pyrenaica_parva
rupicapra_pyrenaica_pyrenaica
rupicapra_rupicapra
rupicapra_rupicapra_balcanica
rupicapra_rupicapra_carpatica
rupicapra_rupicapra_cartusiana
rupicapra_rupicapra_rupicapra
rupicapra_rupicapra_tatrica
rusa_alfredi
rusa_timorensis
rusa_timorensis_macassaricus
rusa_unicolor
rusa_unicolor_cambojensis
rusa_unicolor_swinhoei
saiga_tatarica
saiga_tatarica_mongolica
sotalia_fluviatilis
sotalia_guianensis
sousa_chinensis
stenella_attenuata
stenella_clymene
stenella_coeruleoalba
stenella_frontalis
stenella_longirostris
steno_bredanensis
sus_barbatus
sus_barbatus_barbatus
sus_cebifrons
sus_celebensis
sus_philippensis
sus_salvanius
sus_scrofa
sus_scrofa_coreanus
sus_scrofa_domesticus
sus_scrofa_scrofa
sus_scrofa_taiwanensis
sus_verrucosus
sylvicapra_grimmia
syncerus_caffer
tasmacetus_shepherdi
taurotragus_derbianus
tayassu_pecari
tetracerus_quadricornis
tragelaphus_angasii
tragelaphus_buxtoni
tragelaphus_eurycerus
tragelaphus_imberbis
tragelaphus_oryx
tragelaphus_scriptus
tragelaphus_scriptus_scriptus
tragelaphus_spekii
tragelaphus_strepsiceros
tragulus_javanicus
tragulus_kanchil
tragulus_napu
tursiops_aduncus
tursiops_australis
tursiops_truncatus
vicugna_pacos
vicugna_pacos_huacaya
vicugna_pacos_suri
vicugna_vicugna
vicugna_vicugna_mensalis
ziphius_cavirostris
