aeretes_melanopterus
aeromys_tephromelas
ammospermophilus_harrisii
ammospermophilus_insularis
ammospermophilus_interpres
ammospermophilus_leucurus
aplodontia_rufa
aplodontia_rufa_californica
aplodontia_rufa_humboldtiana
aplodontia_rufa_nigra
aplodontia_rufa_olympica
aplodontia_rufa_pacifica
aplodontia_rufa_phaea
aplodontia_rufa_rufa
atlantoxerus_getulus
belomys_pearsonii
callosciurus_caniceps
callosciurus_erythraeus
callosciurus_erythraeus_griseimanus
callosciurus_finlaysonii
callosciurus_inornatus
callosciurus_nigrovittatus
callosciurus_notatus
callosciurus_prevostii
callospermophilus_lateralis callospermophilus_lateralis callospermophilus_lateralis_trepidus
callospermophilus_madrensis
callospermophilus_saturatus
cynomys_gunnisoni
cynomys_leucurus
cynomys_ludovicianus
cynomys_mexicanus
cynomys_parvidens
dremomys_gularis
dremomys_lokriah
dremomys_pernyi
dremomys_pernyi_owstoni
dremomys_pyrrhomerus
dremomys_rufigenis
dryomys_laniger
dryomys_nitedula
dryomys_nitedula_ssp_aeb_2014
dryomys_nitedula_tichomirowi
eliomys_melanurus
eliomys_quercinus
eoglaucomys_fimbriatus
epixerus_wilsoni
eupetaurus_cinereus
exilisciurus_concinnus
exilisciurus_exilis
funambulus_layardi
funambulus_palmarum
funambulus_pennantii
funambulus_sublineatus
funisciurus
glaucomys_sabrinus
glaucomys_sabrinus_griseifrons
glaucomys_volans
glirulus_japonicus
glis_glis
graphiurus_kelleni
graphiurus_lorraineus
graphiurus_microtis
graphiurus_murinus
graphiurus_ocularis
graphiurus_parvus
graphiurus_platyops
heliosciurus_ruwenzorii
heliosciurus_undulatus
hylopetes_alboniger
hylopetes_lepidus
hylopetes_nigripes
hylopetes_phayrei
hylopetes_spadiceus
hyosciurus_heinrichi
ictidomys_mexicanus_mexicanus
ictidomys_parvidens
ictidomys_tridecemlineatus
ictidomys_tridecemlineatus_arenicola
iomys_horsfieldi
lariscus_insignis
marmota_baibacina marmota_baibacina marmota_baibacina_centralis
marmota_bobak
marmota_broweri
marmota_caligata
marmota_camtschatica marmota_camtschatica marmota_camtschatica_doppelmayri
marmota_caudata marmota_caudata marmota_caudata_aurea
marmota_flaviventris marmota_flaviventris marmota_flaviventris_luteola
marmota_himalayana marmota_himalayana marmota_himalayana_robusta
marmota_marmota
marmota_menzbieri marmota_menzbieri marmota_menzbieri_zachidovi
marmota_monax
marmota_olympus
marmota_sibirica
marmota_vancouverensis
menetes_berdmorei
microsciurus_alfari
microsciurus_flaviventer
muscardinus_avellanarius
myomimus_roachi
myosciurus_pumilio
nannosciurus_melanotis
notocitellus_adocetus
notocitellus_annulatus
otospermophilus_atricapillus
otospermophilus_beecheyi
otospermophilus_beecheyi_beecheyi
otospermophilus_beecheyi_douglasii
otospermophilus_beecheyi_fisheri
otospermophilus_beecheyi_nudipes
otospermophilus_beecheyi_parvulus
otospermophilus_beecheyi_rupinarum
otospermophilus_beecheyi_sierrae
otospermophilus_variegatus
otospermophilus_variegatus_utah
paraxerus_alexandri
paraxerus_cepapi
paraxerus_ochraceus
paraxerus_vexillarius
petaurillus_kinlochii
petaurista_albiventer
petaurista_alborufus
petaurista_alborufus_castaneus
petaurista_alborufus_lena
petaurista_elegans
petaurista_elegans_caniceps
petaurista_elegans_sybilla
petaurista_hainana
petaurista_leucogenys
petaurista_leucogenys_leucogenys
petaurista_leucogenys_nikkonis
petaurista_petaurista
petaurista_petaurista_melanotus
petaurista_philippensis
petaurista_philippensis_grandis
petaurista_xanthotis
petaurista_yunanensis
petinomys_setosus
poliocitellus_franklinii
prosciurillus_murinus
protoxerus_stangeri
pteromys_momonga
pteromys_volans
pteromyscus_pulverulentus
ratufa_affinis
ratufa_bicolor
rheithrosciurus_macrotis
rhinosciurus_laticaudatus
rubrisciurus_rubriventer
sciurillus_pusillus
sciurillus_pusillus_kuhlii
sciurotamias_davidianus
sciurus_aberti
sciurus_aestuans
sciurus_anomalus
sciurus_aureogaster
sciurus_carolinensis sciurus_carolinensis sciurus_carolinensis_carolinensis
sciurus_colliaei
sciurus_deppei
sciurus_gilvigularis
sciurus_granatensis
sciurus_granatensis_hoffmanni
sciurus_griseus
sciurus_ignitus sciurus_ignitus sciurus_ignitus_argentinius
sciurus_igniventris
sciurus_lis
sciurus_niger sciurus_niger sciurus_niger_rufiventer
sciurus_oculatus
sciurus_pyrrhinus
sciurus_spadiceus
sciurus_stramineus sciurus_stramineus sciurus_stramineus_nebouxii
sciurus_variegatoides
sciurus_variegatoides_rigidus
sciurus_variegatoides_thomasi
sciurus_vulgaris
spermophilopsis_leptodactylus
spermophilus_alashanicus
spermophilus_citellus
spermophilus_dauricus
spermophilus_elegans_elegans
spermophilus_erythrogenys
spermophilus_fulvus
spermophilus_major
spermophilus_musicus
spermophilus_pallidicauda
spermophilus_pygmaeus
spermophilus_relictus
spermophilus_spilosoma_marginatus
spermophilus_suslicus
spermophilus_taurensis
spermophilus_xanthoprymnus
sundasciurus_brookei
sundasciurus_fraterculus
sundasciurus_hippurus
sundasciurus_hoogstraali
sundasciurus_jentinki
sundasciurus_juvencus
sundasciurus_lowii
sundasciurus_mindanensis
sundasciurus_moellendorffi
sundasciurus_philippinensis
sundasciurus_rabori
sundasciurus_samarensis
sundasciurus_steerii
sundasciurus_tahan
sundasciurus_tenuis
sundasciurus_tenuis_altitudinus
syntheosciurus_brochus
tamias_alpinus
tamias_amoenus
tamias_bulleri
tamias_canipes
tamias_cinereicollis
tamias_dorsalis
tamias_durangae
tamias_merriami
tamias_minimus
tamias_minimus_scrutator
tamias_obscurus
tamias_ochrogenys
tamias_palmeri
tamias_panamintinus
tamias_panamintinus_panamintinus
tamias_quadrimaculatus
tamias_quadrivittatus
tamias_ruficaudus
tamias_rufus
tamias_senex
tamias_sibiricus
tamias_siskiyou
tamias_sonomae
tamias_speciosus
tamias_striatus
tamias_townsendii
tamias_umbrinus
tamiasciurus_douglasii
tamiasciurus_hudsonicus
tamiasciurus_hudsonicus_grahamensis
tamiops_maritimus
tamiops_mcclellandii
tamiops_rodolphii
tamiops_swinhoei
trogopterus_xanthipes
urocitellus_armatus
urocitellus_beldingi_creber
urocitellus_brunneus_brunneus
urocitellus_brunneus_endemicus
urocitellus_columbianus
urocitellus_columbianus_columbianus
urocitellus_columbianus_ruficaudus
urocitellus_mollis
urocitellus_mollis_idahoensis
urocitellus_parryii
urocitellus_parryii_ablusus
urocitellus_parryii_kennicotti
urocitellus_parryii_kodiacensis
urocitellus_parryii_lyratus
urocitellus_parryii_nebulicola
urocitellus_parryii_plesius
urocitellus_richardsonii
urocitellus_townsendi_nancyae
urocitellus_townsendi_townsendi
urocitellus_townsendi_vigilis
urocitellus_undulatus
urocitellus_washingtoni
xerospermophilus_mohavensis
xerospermophilus_perotensis
xerospermophilus_spilosoma
xerospermophilus_tereticaudus
xerus_inauris
xerus_princeps
xerus_rutilus
