acerodon_celebensis
acerodon_jubatus
aethalops_aequalis
aethalops_alecto
alionycteris_paucidentata
ametrida_centurio
anoura_caudifer
anoura_cultrata
anoura_geoffroyi
anoura_latidens
anthops_ornatus
antrozous_dubiaquercus
antrozous_pallidus
aproteles_bulmerae
ardops_nichollsi
arielulus_aureocollaris
arielulus_cuprosus
ariteus_flavescens
artibeus_amplus
artibeus_anderseni
artibeus_aztecus
artibeus_bogotensis
artibeus_cinereus
artibeus_concolor
artibeus_fimbriatus
artibeus_fraterculus
artibeus_glaucus
artibeus_glaucus_gnomus
artibeus_glaucus_rosenbergii
artibeus_glaucus_watsoni
artibeus_hartii
artibeus_hirsutus
artibeus_inopinatus
artibeus_intermedius
artibeus_jamaicensis
artibeus_jamaicensis_aequatorialis
artibeus_jamaicensis_jamaicensis
artibeus_jamaicensis_parvipes
artibeus_jamaicensis_paulus
artibeus_jamaicensis_richardsoni
artibeus_jamaicensis_triomylus
artibeus_jamaicensis_yucatanicus
artibeus_lituratus
artibeus_obscurus
artibeus_phaeotis
artibeus_planirostris
artibeus_planirostris_fallax
artibeus_planirostris_grenadensis
artibeus_planirostris_hercules
artibeus_planirostris_planirostris
artibeus_planirostris_trinitatis
artibeus_schwartzi
artibeus_toltecus
asellia_tridens
aselliscus_stoliczkanus
aselliscus_tricuspidatus
balantiopteryx_infusca
balantiopteryx_io
balantiopteryx_plicata
balionycteris_maculata
barbastella_barbastellus
barbastella_beijingensis
barbastella_leucomelas
boneia_bidens
brachyphylla_cavernarum
brachyphylla_nana
brachyphylla_pumila
cardioderma_cor
carollia_benkeithi
carollia_brevicauda
carollia_castanea
carollia_manu
carollia_perspicillata
carollia_sowelli
carollia_subrufa
casinycteris_argynnis
casinycteris_campomaanensis
centronycteris_centralis
centronycteris_maximiliani
centurio_senex
centurio_senex_greenhalli
chaerephon_atsinanana
chaerephon_jobimena
chaerephon_leucogaster
chaerephon_plicatus
chaerephon_pumilus
chaerephon_pumilus_s_l_tn_2014
chaerephon_pusillus
chalinolobus_gouldii
chalinolobus_morio
chalinolobus_nigrogriseus
chalinolobus_tuberculatus
cheiromeles cheiromeles_parvidens cheiromeles_torquatus
chilonatalus_micropus
chilonatalus_tumidifrons
chiroderma_doriae
chiroderma_improvisum
chiroderma_salvini
chiroderma_trinitatum
chiroderma_villosum
chironax_melanocephalus
choeroniscus choeroniscus_godmani choeroniscus_minor
choeronycteris_mexicana
chrotopterus_auritus
cistugo_lesueuri
cistugo_seabrae
cloeotis_percivali
coelops_frithii
coleura_afra
coleura_kibomalandy
coleura_seychellensis
cormura_brevirostris
corynorhinus_mexicanus
corynorhinus_townsendii
corynorhinus_townsendii_australis
craseonycteris_thonglongyai
cynomops cynomops_abrasus cynomops_planirostris
cynopterus_brachyotis
cynopterus_horsfieldii
cynopterus_sphinx
cyttarops_alecto
dermanura_incomitata
dermanura_rava
desmalopex_leucopterus
desmalopex_microleucopterus
desmodus_rotundus
diaemus_youngi
diclidurus_albus
diclidurus_ingens
diclidurus_isabellus
diclidurus_scutatus
diphylla_ecaudata
dobsonia_inermis
dobsonia_minor
dobsonia_moluccensis
dobsonia_pannietensis
dobsonia_praedatrix
dobsonia_viridis
dyacopterus_spadiceus
ectophylla_alba
eidolon_dupreanum
eidolon_helvum
emballonura_alecto
emballonura_atrata
emballonura_beccarii
emballonura_dianae
emballonura_monticola
emballonura_raffrayana
emballonura_semicaudata
emballonura_tiavato
eonycteris_robusta
eonycteris_spelaea
epomophorus_gambianus
epomophorus_wahlbergi
epomops_franqueti
eptesicus_bobrinskoi
eptesicus_bottae eptesicus_bottae eptesicus_bottae_anatolicus
eptesicus_brasiliensis
eptesicus_diminutus
eptesicus_dimissus
eptesicus_furinalis
eptesicus_fuscus
eptesicus_gobiensis
eptesicus_hottentotus
eptesicus_isabellinus_boscai
eptesicus_isabellinus_isabellinus
eptesicus_nasutus
eptesicus_nasutus_batinensis
eptesicus_nasutus_matschiei
eptesicus_nilssonii
eptesicus_regulus
eptesicus_sagittula
eptesicus_serotinus
eptesicus_serotinus_andersoni
eptesicus_serotinus_mirza
eptesicus_serotinus_pachyomus
eptesicus_serotinus_pallens
eptesicus_serotinus_serotinus
eptesicus_serotinus_turcomanus
eptesicus_vulturnus
erophylla_bombifrons
erophylla_sezekorni
euderma_maculatum
eudiscopus_denticulus
eumops_auripendulus
eumops_bonariensis eumops_bonariensis eumops_bonariensis_nanus
eumops_dabbenei
eumops_ferox
eumops_glaucinus
eumops_glaucinus_floridanus
eumops_hansae
eumops_maurus
eumops_patagonicus
eumops_perotis
eumops_underwoodi
eumops_wilsoni
falsistrellus_petersi
furipterus_horrens
glauconycteris_argentata
glauconycteris_beatrix
glauconycteris_egeria
glauconycteris_poensis
glauconycteris_variegata
glischropus_aquilus
glischropus_bucephalus
glischropus_tylopus
glossophaga_commissarisi
glossophaga_leachii
glossophaga_longirostris
glossophaga_morenoi
glossophaga_soricina
glyphonycteris_daviesi
glyphonycteris_sylvestris
haplonycteris_fischeri
harpiocephalus_harpia
harpiocephalus_mordax
harpiola_isodon
harpyionycteris_celebensis
harpyionycteris_whiteheadi
hesperoptenus_blanfordi
hesperoptenus_tomesi
hipposideros_abae
hipposideros_aff_ruber
hipposideros_alongensis_alongensis
hipposideros_alongensis_sungi
hipposideros_armiger
hipposideros_ater
hipposideros_beatus
hipposideros_bicolor
hipposideros_bicolor_131_khz_
hipposideros_bicolor_142_khz_
hipposideros_caffer
hipposideros_caffer_tephrus
hipposideros_calcaratus
hipposideros_cervinus
hipposideros_cineraceus
hipposideros_commersoni
hipposideros_coronatus
hipposideros_coxi
hipposideros_cyclops
hipposideros_demissus
hipposideros_diadema
hipposideros_dinops
hipposideros_doriae
hipposideros_dyacorum
hipposideros_fuliginosus
hipposideros_fulvus
hipposideros_galeritus
hipposideros_gigas
hipposideros_griffini
hipposideros_halophyllus
hipposideros_jonesi
hipposideros_khaokhouayensis
hipposideros_larvatus
hipposideros_larvatus_s_l_sjp_2012
hipposideros_lekaguli
hipposideros_lylei
hipposideros_obscurus
hipposideros_pelingensis
hipposideros_pomona
hipposideros_pratti
hipposideros_pygmaeus
hipposideros_ridleyi
hipposideros_rotalis
hipposideros_ruber
hipposideros_scutinares
hipposideros_speoris
hipposideros_terasensis
hipposideros_turpis_pendelburyi
hipposideros_turpis_turpis
hipposideros_vittatus
histiotus_macrotus
histiotus_magellanicus
hsunycteris_cadenai
hsunycteris_pattoni
hsunycteris_thomasi
hylonycteris_underwoodi
hypsignathus_monstrosus
hypsugo_alaschanicus
hypsugo_anchietae
hypsugo_ariel
hypsugo_cadornae
hypsugo_eisentrauti
hypsugo_savii
ia_io
idionycteris_phyllotis
kerivoula_hardwickii
kerivoula_intermedia
kerivoula_kachinensis
kerivoula_lenis
kerivoula_minuta
kerivoula_papillosa
kerivoula_pellucida
kerivoula_titania
kerivoula_whiteheadi
laephotis_botswanae
laephotis_namibensis
laephotis_wintoni
lasionycteris_noctivagans
lasiurus_atratus
lasiurus_blossevillii
lasiurus_borealis
lasiurus_cinereus
lasiurus_cinereus_cinereus
lasiurus_cinereus_semotus
lasiurus_ega
lasiurus_intermedius
lasiurus_seminolus
lasiurus_xanthinus
latidens_salimalii
leptonycteris_curasoae
leptonycteris_nivalis
leptonycteris_yerbabuenae
lichonycteris_obscura
lionycteris_spurrelli
lonchophylla_chocoana
lonchophylla_concava
lonchophylla_dekeyseri
lonchophylla_handleyi
lonchophylla_hesperia
lonchophylla_mordax
lonchophylla_orienticollina
lonchophylla_robusta
lonchorhina_aurita
lonchorhina_inusitata
lonchorhina_orinocensis
lophostoma_brasiliense
lophostoma_carrikeri
lophostoma_evotis
lophostoma_schulzi
lophostoma_silvicolum
lophostoma_silvicolum_occidentalis
macroderma_gigas
macroglossus_minimus
macroglossus_sobrinus
macrophyllum_macrophyllum
macrotus_californicus
macrotus_waterhousii
megaderma_lyra
megaderma_spasma
megaerops_ecaudatus
megaerops_kusnotoi
megaerops_wetmorei
megaloglossus_azagnyi
megaloglossus_woermanni
melonycteris_fardoulisi
melonycteris_melanops
mesophylla_macconnelli
micronycteris_brachyotis
micronycteris_brosseti
micronycteris_buriri
micronycteris_giovanniae
micronycteris_hirsuta
micronycteris_homezi
micronycteris_matses
micronycteris_megalotis
micronycteris_microtis
micronycteris_minuta
micronycteris_nicefori
micronycteris_schmidtorum
micronycteris_yatesi
micropteropus_pusillus
mimon_cozumelae
mimon_crenulatum
miniopterus_aelleni
miniopterus_africanus
miniopterus_australis
miniopterus_fraterculus
miniopterus_fuliginosus
miniopterus_fuscus
miniopterus_gleni
miniopterus_griffithsi
miniopterus_griveaudi
miniopterus_inflatus
miniopterus_maghrebensis
miniopterus_magnater
miniopterus_majori
miniopterus_manavi
miniopterus_minor
miniopterus_natalensis
miniopterus_petersoni
miniopterus_propitristis
miniopterus_pusillus
miniopterus_schreibersii
miniopterus_schreibersii_pallidus
miniopterus_schreibersii_schreibersii
miniopterus_sororculus
miniopterus_tristis
mirimiri_acrodonta
molossops_mattogrossensis
molossops_temminckii
molossus_ater
molossus_molossus
molossus_rufus
molossus_sinaloae
monophyllus_plethodon
monophyllus_redmani
mops_bakarii
mops_condylurus
mops_leucostigma
mops_midas
mormoops_blainvillei
mormoops_megalophylla
mormopterus_beccarii
mormopterus_cobourgianus
mormopterus_eleryi
mormopterus_halli
mormopterus_kitcheneri
mormopterus_loriae
mormopterus_lumsdenae
mormopterus_norfolkensis
mormopterus_petersi
mormopterus_planiceps
mormopterus_ridei
murina_aenea
murina_aurata
murina_bicolor
murina_cineracea
murina_cyclotis
murina_eleryi
murina_florium
murina_gracilis
murina_hilgendorfi
murina_huttoni
murina_jaintiana
murina_leucogaster
murina_peninsularis
murina_pluvialis
murina_puta
murina_recondita
murina_rozendaali
murina_ryukyuna
murina_suilla
murina_tiensa
murina_tubinaris
murina_ussuriensis
musonycteris_harrisoni
myonycteris_angolensis
myonycteris_angolensis_ruwenzorii
myonycteris_angolensis_smithii
myonycteris_brachycephala
myonycteris_leptodon
myonycteris_relicta
myonycteris_torquata
myopterus_daubentonii
myotis_adversus
myotis_adversus_adversus
myotis_adversus_taiwanensis
myotis_adversus_tanimbarensis
myotis_aff_alcathoe
myotis_albescens
myotis_alcathoe
myotis_altarium
myotis_anjouanensis
myotis_annamiticus
myotis_annectans
myotis_atacamensis
myotis_ater
myotis_aurascens
myotis_auriculus
myotis_austroriparius
myotis_bechsteinii
myotis_blythii
myotis_blythii_ancilla
myotis_blythii_blythii
myotis_blythii_omari
myotis_bocagii
myotis_bocagii_cupreolus
myotis_bombinus
myotis_bombinus_amurensis
myotis_brandtii
myotis_californicus
myotis_capaccinii
myotis_chiloensis
myotis_chinensis
myotis_ciliolabrum
myotis_csorbai
myotis_dasycneme
myotis_daubentonii
myotis_daubentonii_daubentonii
myotis_daubentonii_nathalinae
myotis_davidii
myotis_dominicensis
myotis_elegans
myotis_emarginatus
myotis_escalerai
myotis_evotis
myotis_evotis_milleri
myotis_fimbriatus
myotis_flavus
myotis_formosus
myotis_fortidens
myotis_frater
myotis_goudoti
myotis_gracilis
myotis_grisescens
myotis_hajastanicus
myotis_hasseltii
myotis_horsfieldii
myotis_horsfieldii_deignani
myotis_horsfieldii_horsfieldii
myotis_ikonnikovi
myotis_keaysi
myotis_keenii
myotis_laniger
myotis_leibii
myotis_levis
myotis_longipes
myotis_lucifugus
myotis_lucifugus_alascensis
myotis_lucifugus_carissima
myotis_lucifugus_relictus
myotis_macrodactylus
myotis_macropus
myotis_macrotarsus
myotis_martiniquensis
myotis_martiniquensis_nyctor
myotis_melanorhinus
myotis_moluccarum
myotis_montivagus
myotis_muricola
myotis_muricola_browni
myotis_myotis
myotis_myotis_blythii
myotis_mystacinus
myotis_nattereri
myotis_nattereri_tschuliensis
myotis_nesopolus_nesopolus
myotis_nigricans
myotis_oxygnathus
myotis_oxyotus
myotis_pequinius
myotis_petax
myotis_phanluongi
myotis_pruinosus
myotis_punicus
myotis_ricketti
myotis_ridleyi
myotis_riparius
myotis_rosseti
myotis_ruber
myotis_rufoniger
myotis_schaubi
myotis_scotti
myotis_secundus
myotis_septentrionalis
myotis_sicarius
myotis_siligorensis
myotis_siligorensis_alticraniatus
myotis_simus
myotis_sodalis
myotis_thysanodes
myotis_tricolor
myotis_velifer
myotis_vivesi
myotis_volans
myotis_watasei
myotis_welwitschii
myotis_yanbarensis
myotis_yumanensis
mystacina_tuberculata
myzopoda_aurita
myzopoda_schliemanni
nanonycteris_veldkampii
natalus_jamaicensis
natalus_major
natalus_saturatus
natalus_stramineus
natalus_stramineus_mexicanus
natalus_tumidirostris
neoromicia_brunneus
neoromicia_capensis
neoromicia_guineensis
neoromicia_malagasyensis
neoromicia_matroka
neoromicia_nanus
neoromicia_rendalli
neoromicia_robertsi
neoromicia_somalicus
neoromicia_tenuipinnis
neoromicia_zuluensis
noctilio_albiventris
noctilio_leporinus
notopteris_macdonaldi
nyctalus_aviator
nyctalus_lasiopterus
nyctalus_leisleri
nyctalus_noctula
nyctalus_plancyi
nyctalus_velutinus
nycteris_arge
nycteris_grandis
nycteris_hispida
nycteris_javanica
nycteris_thebaica
nycteris_tragata
nycticeinops_schlieffeni
nycticeius_humeralis
nyctiellus_lepidus
nyctimene_aello
nyctimene_albiventer
nyctimene_cephalotes
nyctimene_certans
nyctimene_major
nyctimene_robinsoni
nyctimene_vizcaccia
nyctinomops_aurispinosus
nyctinomops_femorosaccus
nyctinomops_macrotis
nyctophilus_geoffroyi
nyctophilus_gouldi
otomops_madagascariensis
otomops_martiensseni
otomops_wroughtoni
otonycteris_hemprichii
otonycteris_leucophaea
otopteropus_cartilagonodus
paranyctimene_raptor
parastrellus_hesperus
paratriaenops_auritus
paratriaenops_furculus
penthetor_lucasi
peropteryx_kappleri
peropteryx_leucoptera
peropteryx_macrotis
peropteryx_trinitatis
philetor_brachypterus
phylloderma_stenops
phyllonycteris_aphylla
phyllonycteris_obtusa
phyllonycteris_poeyi
phyllops_falcatus
phyllostomus_discolor
phyllostomus_elongatus
phyllostomus_hastatus
phyllostomus_latifolius
pipistrellus_abramus
pipistrellus_ceylonicus
pipistrellus_coromandra
pipistrellus_deserti
pipistrellus_hanaki
pipistrellus_hesperidus
pipistrellus_javanicus
pipistrellus_kuhlii
pipistrellus_maderensis
pipistrellus_nathusii
pipistrellus_paterculus
pipistrellus_pipistrellus
pipistrellus_pygmaeus
pipistrellus_raceyi
pipistrellus_rueppellii
pipistrellus_subflavus
pipistrellus_tenuis
platalina_genovensium
platyrrhinus_albericoi
platyrrhinus_aurarius
platyrrhinus_brachycephalus
platyrrhinus_dorsalis
platyrrhinus_guianensis
platyrrhinus_helleri
platyrrhinus_helleri_incarum
platyrrhinus_infuscus
platyrrhinus_ismaeli
platyrrhinus_lineatus
platyrrhinus_lineatus_nigellus
platyrrhinus_masu
platyrrhinus_matapalensis
platyrrhinus_recifinus
platyrrhinus_vittatus
plecotus_auritus
plecotus_austriacus
plecotus_austriacus_austriacus
plecotus_kolombatovici
plecotus_macrobullaris
plecotus_ognevi
plecotus_rafinesquii
plecotus_sacrimontis
plecotus_sardus
plecotus_teneriffae_gaisleri
plecotus_turkmenicus
promops_centralis
ptenochirus_jagori
pteralopex_atrata
pteralopex_taki
pteronotus_davyi
pteronotus_gymnonotus
pteronotus_macleayii
pteronotus_parnellii
pteronotus_personatus
pteronotus_pusillus
pteronotus_quadridens
pteronotus_rubiginosus
pteropus_admiralitatum
pteropus_aldabrensis
pteropus_alecto
pteropus_anetianus pteropus_anetianus pteropus_anetianus_eotinus
pteropus_capistratus_ennisae
pteropus_conspicillatus
pteropus_dasymallus
pteropus_faunulus
pteropus_giganteus
pteropus_gilliardorum
pteropus_griseus
pteropus_hypomelanus
pteropus_livingstonii
pteropus_lombocensis
pteropus_lylei
pteropus_macrotis
pteropus_mahaganus
pteropus_mariannus
pteropus_molossinus
pteropus_neohibernicus
pteropus_niger
pteropus_ornatus
pteropus_pelagicus
pteropus_pelewensis_pelewensis
pteropus_personatus
pteropus_pohlei
pteropus_poliocephalus
pteropus_pumilus
pteropus_rayneri
pteropus_rodricensis
pteropus_rufus
pteropus_samoensis
pteropus_samoensis_nawaiensis
pteropus_scapulatus
pteropus_seychellensis_comorensis
pteropus_seychellensis_seychellensis
pteropus_speciosus
pteropus_temminckii
pteropus_tonganus
pteropus_vampyrus
pteropus_vetulus
pteropus_voeltzkowi
pteropus_woodfordi
pteropus_yapensis
pygoderma_bilabiatum
rhinolophus_affinis
rhinolophus_alcyone
rhinolophus_arcuatus
rhinolophus_blasii
rhinolophus_blythi
rhinolophus_celebensis
rhinolophus_clivosus
rhinolophus_cornutus
rhinolophus_creaghi
rhinolophus_darlingi
rhinolophus_darlingi_barbetonensis
rhinolophus_darlingi_damarensis
rhinolophus_darlingi_darlingi
rhinolophus_denti
rhinolophus_eloquens
rhinolophus_euryale
rhinolophus_euryotis
rhinolophus_ferrumequinum
rhinolophus_ferrumequinum_korai
rhinolophus_ferrumequinum_quelpartis
rhinolophus_formosae
rhinolophus_fumigatus
rhinolophus_hildebrandti
rhinolophus_hipposideros
rhinolophus_inops_arcuatus
rhinolophus_inops_subrufus
rhinolophus_landeri
rhinolophus_luctus
rhinolophus_macrotis
rhinolophus_malayanus
rhinolophus_marshalli
rhinolophus_megaphyllus
rhinolophus_mehelyi
rhinolophus_monoceros
rhinolophus_paradoxolophus
rhinolophus_pearsonii
rhinolophus_perditus
rhinolophus_philippinensis
rhinolophus_pumilus
rhinolophus_pusillus
rhinolophus_rex
rhinolophus_rouxii
rhinolophus_rufus
rhinolophus_ruwenzorii
rhinolophus_shameli
rhinolophus_simulator
rhinolophus_sinicus
rhinolophus_stheno
rhinolophus_subrufus
rhinolophus_swinnyi
rhinolophus_thomasi
rhinolophus_trifoliatus
rhinolophus_virgo
rhinolophus_xinanzhongguoensis
rhinolophus_yunnanensis
rhinonicteris_aurantia
rhinophylla_alethina
rhinophylla_fischerae
rhinophylla_pumilio
rhinopoma_hadramauticum
rhinopoma_hardwickii
rhinopoma_hardwickii_cystops
rhinopoma_microphyllum
rhinopoma_muscatellum
rhogeessa_aeneus
rhogeessa_alleni
rhogeessa_genowaysi
rhogeessa_gracilis
rhogeessa_io
rhogeessa_mira
rhogeessa_parvula
rhogeessa_tumida
rhogeessa_velilla
rhynchonycteris_naso
rousettus_aegyptiacus
rousettus_amplexicaudatus
rousettus_leschenaultii
rousettus_madagascariensis
rousettus_obliviosus
saccolaimus saccolaimus_flaviventris saccolaimus_saccolaimus
saccopteryx_bilineata
saccopteryx_canescens
saccopteryx_gymnura
saccopteryx_leptura
sauromys_petrophilus
scotoecus_hirundo
scotomanes_ornatus
scotonycteris_bergmansi
scotonycteris_ophiodon
scotonycteris_zenkeri
scotonycteris_zenkeri_occidentalis
scotophilus_borbonicus
scotophilus_dinganii
scotophilus_heathii
scotophilus_kuhlii
scotophilus_leucogaster
scotophilus_marovaza
scotophilus_nigrita
scotophilus_nux
scotophilus_robustus
scotophilus_tandrefana
scotophilus_viridis
scotophilus_viridis_nigritellus
scotorepens_sp_jmw_2004
sphaerias_blanfordi
sphaeronycteris_toxophyllum
stenoderma_rufum
stenonycteris_lanosus
sturnira_aratathomasi
sturnira_bidens
sturnira_bogotensis
sturnira_erythromos
sturnira_hondurensis
sturnira_lilium
sturnira_lilium_paulsoni
sturnira_ludovici
sturnira_luisi
sturnira_magna
sturnira_mordax
sturnira_oporaphilum
sturnira_parvidens
sturnira_tildae
styloctenium_mindorensis
styloctenium_wallacei
submyotodon_latirostris
syconycteris_australis
tadarida_aegyptiaca
tadarida_australis
tadarida_brasiliensis
tadarida_fulminans
tadarida_insignis
tadarida_teniotis
taphozous_australis
taphozous_georgianus
taphozous_hilli
taphozous_longimanus
taphozous_mauritianus
taphozous_melanopogon
taphozous_nudiventris
thoopterus_nigrescens
thyroptera_discifera
thyroptera_lavali
thyroptera_tricolor
tonatia_bidens
tonatia_saurophila
trachops_cirrhosus
triaenops_afer
triaenops_menamena
triaenops_persicus
tylonycteris_pachypus
tylonycteris_robustula
uroderma_bilobatum
uroderma_magnirostrum
vampyressa_bidens
vampyressa_brocki
vampyressa_melissa
vampyressa_nymphaea
vampyressa_pusilla
vampyressa_thyone
vampyrodes_caraccioli
vampyrodes_major
vampyrum_spectrum
vespertilio_murinus
vespertilio_sinensis
xeronycteris_vieirai
