allenopithecus_nigroviridis
allocebus_trichotis
alouatta_belzebul alouatta_belzebul alouatta_belzebul_belzebul
alouatta_caraya
alouatta_guariba alouatta_guariba alouatta_guariba_clamitans
alouatta_palliata
alouatta_palliata_aequatorialis
alouatta_palliata_coibensis
alouatta_palliata_mexicana
alouatta_palliata_palliata
alouatta_palliata_trabeata
alouatta_pigra
alouatta_sara
alouatta_seniculus
alouatta_seniculus_macconnelli
alouatta_seniculus_seniculus
alouatta_stramineus
anathana_ellioti
aotus_azarai
aotus_azarai_azarai
aotus_azarai_boliviensis
aotus_azarai_infulatus
aotus_brumbacki
aotus_griseimembra
aotus_lemurinus
aotus_nancymaae
aotus_nigriceps
aotus_trivirgatus
aotus_vociferans
arctocebus_aureus
arctocebus_calabarensis
ateles_belzebuth
ateles_belzebuth_chamek
ateles_belzebuth_marginatus
ateles_fusciceps
ateles_fusciceps_robustus
ateles_fusciceps_rufiventris
ateles_geoffroyi
ateles_geoffroyi_frontatus
ateles_geoffroyi_panamensis
ateles_geoffroyi_vellerosus
ateles_geoffroyi_yucatanensis
ateles_hybridus
ateles_paniscus
avahi_cleesei
avahi_laniger
avahi_occidentalis
avahi_peyrierasi
avahi_unicolor
brachyteles_arachnoides
brachyteles_hypoxanthus
cacajao_ayresi
cacajao_calvus
cacajao_calvus_calvus
cacajao_calvus_novaesi
cacajao_calvus_rubicundus
cacajao_calvus_ucayalli
cacajao_hosomi
cacajao_melanocephalus
cacajao_rubicundus
callicebus_brunneus
callicebus_cupreus
callicebus_donacophilus
callicebus_hoffmannsi
callicebus_lugens
callicebus_moloch
callicebus_personatus
callicebus_personatus_nigrifrons
callicebus_purinus
callicebus_torquatus
callimico_goeldii
callithrix_argentata
callithrix_aurita
callithrix_emiliae
callithrix_geoffroyi
callithrix_humeralifera
callithrix_jacchus
callithrix_kuhlii
callithrix_mauesi
callithrix_penicillata
callithrix_pygmaea
callithrix_saterei
cebus_albifrons
cebus_capucinus
cebus_kaapori
cebus_olivaceus
cercocebus_agilis
cercocebus_atys
cercocebus_atys_lunulatus
cercocebus_chrysogaster
cercocebus_galeritus
cercocebus_torquatus
cercopithecus_albogularis
cercopithecus_albogularis_albotorquatus
cercopithecus_albogularis_erythrarchus
cercopithecus_albogularis_francescae
cercopithecus_albogularis_kolbi
cercopithecus_albogularis_labiatus
cercopithecus_albogularis_moloneyi
cercopithecus_albogularis_monoides
cercopithecus_ascanius_ascanius
cercopithecus_ascanius_katangae
cercopithecus_ascanius_schmidti
cercopithecus_ascanius_whitesidei
cercopithecus_campbelli
cercopithecus_cephus
cercopithecus_cephus_cephodes
cercopithecus_cephus_cephus
cercopithecus_cephus_ngottoensis
cercopithecus_denti
cercopithecus_diana
cercopithecus_doggetti
cercopithecus_dryas
cercopithecus_erythrogaster_pococki
cercopithecus_erythrotis_camerunensis
cercopithecus_erythrotis_erythrotis
cercopithecus_hamlyni
cercopithecus_kandti
cercopithecus_lhoesti
cercopithecus_mitis
cercopithecus_mitis_boutourlinii
cercopithecus_mitis_heymansi
cercopithecus_mitis_mitis
cercopithecus_mitis_opisthostictus
cercopithecus_mitis_stuhlmanni
cercopithecus_mona
cercopithecus_neglectus
cercopithecus_nictitans
cercopithecus_nictitans_martini
cercopithecus_nictitans_nictitans
cercopithecus_petaurista_buettikoferi
cercopithecus_petaurista_petaurista
cercopithecus_pogonias_grayi
cercopithecus_pogonias_nigripes
cercopithecus_pogonias_pogonias
cercopithecus_pogonias_schwarzianus
cercopithecus_preussi
cercopithecus_preussi_insularis
cercopithecus_preussi_preussi
cercopithecus_roloway
cercopithecus_solatus
cercopithecus_wolfi
cercopithecus_wolfi_elegans
cercopithecus_wolfi_pyrogaster
cheirogaleus_crossleyi
cheirogaleus_lavasoensis
cheirogaleus_major
cheirogaleus_medius
cheirogaleus_sibreei
chiropotes_albinasus
chiropotes_chiropotes
chiropotes_chiropotes_sagulata
chiropotes_israelita
chiropotes_satanas
chiropotes_utahickae
chlorocebus_aethiops
chlorocebus_cynosuros
chlorocebus_djamdjamensis
chlorocebus_pygerythrus
chlorocebus_sabaeus
chlorocebus_tantalus
colobus_angolensis
colobus_angolensis_palliatus
colobus_guereza
colobus_guereza_caudatus
colobus_guereza_kikuyuensis
colobus_guereza_matschiei
colobus_guereza_occidentalis
colobus_polykomos
colobus_satanas_satanas
colobus_vellerosus
cynocephalus_volans
daubentonia_madagascariensis
dendrogale_melanura
dendrogale_murina
erythrocebus_patas
eulemur_albifrons
eulemur_cinereiceps
eulemur_coronatus
eulemur_flavifrons
eulemur_fulvus
eulemur_fulvus_albocollaris
eulemur_fulvus_collaris
eulemur_fulvus_fulvus
eulemur_fulvus_mayottensis
eulemur_macaco
eulemur_macaco_macaco
eulemur_mongoz
eulemur_rubriventer
eulemur_rufifrons
eulemur_rufus
eulemur_sanfordi
euoticus_elegantulus
galago_alleni
galago_gabonensis
galago_granti
galago_matschiei
galago_moholi
galago_senegalensis
galago_senegalensis_braccatus
galago_senegalensis_senegalensis
galagoides_cocos
galagoides_demidoff
galagoides_demidoff_murinus
galagoides_orinus
galagoides_rondoensis
galagoides_thomasi
galagoides_zanzibaricus_udzungwensis
galagoides_zanzibaricus_zanzibaricus
galeopterus_variegatus
galeopterus_variegatus_peninsulae
galeopterus_variegatus_variegatus
gorilla_beringei_graueri
gorilla_gorilla
gorilla_gorilla_gorilla
hapalemur_aureus
hapalemur_griseus
hapalemur_griseus_alaotrensis
hapalemur_griseus_griseus
hapalemur_griseus_meridionalis
hapalemur_griseus_occidentalis
homo_sapiens
hoolock_hoolock
hoolock_leuconedys
hylobates_agilis
hylobates_agilis_agilis
hylobates_agilis_unko
hylobates_alibarbis
hylobates_klossii
hylobates_lar
hylobates_lar_carpenteri
hylobates_lar_entelloides
hylobates_lar_lar
hylobates_lar_vestitus
hylobates_moloch
hylobates_muelleri
hylobates_muelleri_abbotti
hylobates_muelleri_funereus
hylobates_muelleri_muelleri
hylobates_pileatus
indri_indri
lagothrix_cana
lagothrix_lagotricha
lagothrix_lugens
lagothrix_poeppigii
lemur_catta
leontopithecus_chrysomelas
leontopithecus_rosalia
lepilemur_aeeclis
lepilemur_ankaranensis
lepilemur_dorsalis
lepilemur_edwardsi
lepilemur_hubbardorum
lepilemur_jamesi
lepilemur_leucopus
lepilemur_microdon
lepilemur_mitsinjoensis
lepilemur_mittermeieri
lepilemur_mustelinus
lepilemur_otto
lepilemur_petteri
lepilemur_randrianasoloi
lepilemur_ruficaudatus
lepilemur_sahamalazensis
lepilemur_seali
lepilemur_septentrionalis
lophocebus_albigena
lophocebus_aterrimus
loris_lydekkerianus
loris_lydekkerianus_lydekkerianus
loris_tardigradus
loris_tardigradus_nordicus
loris_tardigradus_tardigradus
macaca_arctoides
macaca_assamensis
macaca_brunnescens
macaca_cyclopis
macaca_fascicularis
macaca_fascicularis_fascicularis
macaca_fuscata macaca_fuscata macaca_fuscata_fuscata
macaca_hecki
macaca_leonina
macaca_maura
macaca_mulatta
macaca_mulatta_lasiotus
macaca_nemestrina
macaca_nemestrina_nemestrina
macaca_nigra
macaca_nigrescens
macaca_ochreata
macaca_pagensis
macaca_radiata
macaca_siberu
macaca_silenus
macaca_sinica
macaca_sylvanus
macaca_thibetana
macaca_tonkeana
mandrillus_leucophaeus
mandrillus_sphinx
megaladapis_edwardsi
microcebus_arnholdi
microcebus_berthae
microcebus_bongolavensis
microcebus_danfossi
microcebus_gerpi
microcebus_griseorufus
microcebus_jollyae
microcebus_lehilahytsara
microcebus_lokobensis
microcebus_macarthurii
microcebus_mamiratra
microcebus_margotmarshae
microcebus_marohita
microcebus_mittermeieri
microcebus_murinus
microcebus_myoxinus
microcebus_ravelobensis
microcebus_rufus
microcebus_sambiranensis
microcebus_simmonsi
microcebus_tanosi
microcebus_tavaratra
miopithecus_ogouensis
miopithecus_talapoin miopithecus_talapoin miopithecus_talapoin_talapoin
mirza_coquereli
mirza_zaza
nasalis_larvatus
nomascus_annamensis
nomascus_concolor
nomascus_concolor_concolor
nomascus_concolor_furvogaster
nomascus_concolor_jingdongensis
nomascus_concolor_lu
nomascus_gabriellae
nomascus_hainanus
nomascus_leucogenys
nomascus_nasutus
nomascus_siki
nycticebus_bengalensis
nycticebus_coucang
nycticebus_javanicus
nycticebus_menagensis
nycticebus_pygmaeus
otolemur_crassicaudatus
otolemur_garnettii
otolemur_monteiri_argentatus
otolemur_monteiri_monteiri
pachylemur_jullyi
palaeopropithecus_ingens
pan_paniscus
pan_troglodytes
pan_troglodytes_ellioti
pan_troglodytes_schweinfurthii
pan_troglodytes_troglodytes
pan_troglodytes_vellerosus
pan_troglodytes_verus
papio_anubis
papio_cynocephalus
papio_cynocephalus_cynocephalus
papio_cynocephalus_ibeanus
papio_hamadryas
papio_hamadryas_hamadryas
papio_kindae
papio_papio
papio_ursinus
papio_ursinus_ursinus
perodicticus_potto
perodicticus_potto_edwarsi
perodicticus_potto_ibeanus
phaner phaner_furcifer phaner_pallescens
piliocolobus_badius
piliocolobus_badius_badius
piliocolobus_badius_temminckii
piliocolobus_foai
piliocolobus_gordonorum
piliocolobus_kirkii
piliocolobus_pennantii
piliocolobus_preussi
piliocolobus_rufomitratus
piliocolobus_tephrosceles
piliocolobus_tholloni
pithecia_irrorata
pithecia_monachus
pithecia_pithecia pithecia_pithecia pithecia_pithecia_pithecia
pongo_abelii
pongo_pygmaeus
pongo_pygmaeus_pygmaeus
presbytis_chrysomelas
presbytis_comata_comata
presbytis_comata_fredericae
presbytis_frontata
presbytis_hosei_hosei
presbytis_melalophos
presbytis_melalophos_bicolor
presbytis_melalophos_melalophos
presbytis_melalophos_mitrata
presbytis_melalophos_sumatranus
presbytis_potenziani_potenziani
presbytis_potenziani_siberu
presbytis_rubicunda_rubicunda
presbytis_thomasi
procolobus_verus
prolemur_simus
propithecus_coquereli
propithecus_deckenii
propithecus_deckenii_coronatus
propithecus_deckenii_deckenii
propithecus_diadema
propithecus_diadema_diadema
propithecus_edwardsi
propithecus_perrieri
propithecus_tattersalli
propithecus_verreauxi
propithecus_verreauxi_verreauxi
ptilocercus_lowii
pygathrix_cinerea
pygathrix_cinerea_1_rl_2012
pygathrix_cinerea_2_rl_2012
pygathrix_nemaeus
pygathrix_nemaeus_nemaeus
pygathrix_nigripes
rhinopithecus_avunculus
rhinopithecus_bieti
rhinopithecus_bieti_1_rl_2012
rhinopithecus_bieti_2_rl_2012
rhinopithecus_brelichi
rhinopithecus_roxellana
rhinopithecus_strykeri
rungwecebus_kipunji
saguinus_bicolor saguinus_bicolor saguinus_bicolor_bicolor
saguinus_cruzlimai
saguinus_fuscicollis_fuscicollis
saguinus_fuscicollis_illigeri
saguinus_fuscicollis_lagonotus
saguinus_fuscicollis_leucogenys
saguinus_fuscicollis_nigrifrons
saguinus_fuscicollis_weddelli
saguinus_geoffroyi
saguinus_graellsi
saguinus_imperator saguinus_imperator saguinus_imperator_subgrisescens
saguinus_labiatus saguinus_labiatus saguinus_labiatus_labiatus
saguinus_leucopus
saguinus_martinsi
saguinus_melanoleucus saguinus_melanoleucus saguinus_melanoleucus_melanoleucus
saguinus_midas saguinus_midas saguinus_midas_midas
saguinus_mystax saguinus_mystax saguinus_mystax_mystax
saguinus_niger
saguinus_nigricollis_nigricollis
saguinus_oedipus
saguinus_tripartitus
saimiri_boliviensis
saimiri_boliviensis_boliviensis
saimiri_boliviensis_peruviensis
saimiri_oerstedii
saimiri_oerstedii_citrinellus
saimiri_oerstedii_oerstedii
saimiri_sciureus
saimiri_sciureus_albigena
saimiri_sciureus_cassiquiarensis
saimiri_sciureus_collinsi
saimiri_sciureus_macrodon
saimiri_sciureus_sciureus
saimiri_ustus
saimiri_vanzolinii
sapajus_apella
sapajus_apella_macrocephalus
sapajus_cay
sapajus_flavius
sapajus_libidinosus
sapajus_nigritus
sapajus_nigritus_robustus
sapajus_xanthosternos
semnopithecus_entellus
simias_concolor
symphalangus_syndactylus
tarsius_bancanus
tarsius_dentatus
tarsius_lariang
tarsius_sangirensis
tarsius_syrichta
tarsius_tarsier
tarsius_wallacei
theropithecus_gelada
trachypithecus_auratus
trachypithecus_cristatus
trachypithecus_delacouri
trachypithecus_francoisi
trachypithecus_francoisi_francoisi
trachypithecus_geei
trachypithecus_germaini
trachypithecus_hatinhensis
trachypithecus_johnii
trachypithecus_obscurus
trachypithecus_phayrei
trachypithecus_phayrei_crepuscula
trachypithecus_phayrei_holotephreus
trachypithecus_phayrei_shanicus
trachypithecus_pileatus
trachypithecus_poliocephalus
trachypithecus_poliocephalus_poliocephalus
trachypithecus_shortridgei
trachypithecus_vetulus
tupaia_belangeri
tupaia_chinensis
tupaia_chrysogaster
tupaia_dorsalis
tupaia_glis
tupaia_gracilis
tupaia_javanica
tupaia_longipes
tupaia_minor
tupaia_moellendorffi
tupaia_montana
tupaia_nicobarica
tupaia_palawanensis
tupaia_picta
tupaia_salatana
tupaia_splendidula
tupaia_tana
urogale_everetti
varecia_rubra
varecia_variegata
varecia_variegata_variegata
